Node,Cidade,Regiao,Bairro,HV,Endereco,Precisao_Bairro,Fonte_Bairro
EIO42,ESTEIO,A VALIDAR,A VALIDAR,A VALIDAR,,SEM TOPOLOGIA,presente no XPT; ausente na topologia
EIO01,ESTEIO,HV01,SÃO SEBASTIÃO,HV01,"RUA BENTO GONÇALVES,Nº954",V1 / A VALIDAR,inferência por logradouro/topologia
EIO06,ESTEIO,HV01,CENTRO / SÃO SEBASTIÃO,HV01,"RUA RIO GRANDE,Nº2257",V1 / A VALIDAR,inferência por logradouro/topologia
EIO11,ESTEIO,HV01,SÃO SEBASTIÃO,HV01,"RUA EZEQUIEL,Nº174",V1 / A VALIDAR,inferência por logradouro/topologia
EIO18,ESTEIO,HV01,LIBERDADE,HV01,"RUA DONA ISABEL,Nº749",CONFIRMADO LOGRADOURO,logradouro/endereço
EIO29,ESTEIO,HV01,CENTRO / SÃO SEBASTIÃO,HV01,"RUA RIO GRANDE,Nº2195",V1 / A VALIDAR,inferência por logradouro/topologia
EIO40,ESTEIO,HV01,SÃO SEBASTIÃO / MORADA,HV01,R.MORADA II/R.BENTO GONÇALVES,V1 / A VALIDAR,inferência por logradouro/topologia
EIO41,ESTEIO,HV01,CENTRO / SÃO SEBASTIÃO,HV01,"RUA RIO GRANDE,Nº2332",V1 / A VALIDAR,inferência por logradouro/topologia
EIO05,ESTEIO,HV02,CENTRO,HV02,"RUA MAURÍCIO CARDOSO,Nº1208",V1 / A VALIDAR,inferência por logradouro/topologia
EIO10,ESTEIO,HV02,CENTRO,HV02,RUA FERNANDO FERRARI/AV. PADRE CLARET,V1 / A VALIDAR,inferência por logradouro/topologia
EIO13,ESTEIO,HV02,CENTRO,HV02,"RUA PORTO FONSECA,Nº131",V1 / A VALIDAR,inferência por logradouro/topologia
EIO22,ESTEIO,HV02,CENTRO,HV02,RUA DOS FERROVIÁRIOS/AV.PRESIDENTE VARGAS,V1 / A VALIDAR,inferência por logradouro/topologia
EIO24,ESTEIO,HV02,CENTRO,HV02,"RUA RIO GRANDE,Nº1345",V1 / A VALIDAR,inferência por logradouro/topologia
EIO25,ESTEIO,HV02,CENTRO,HV02,"RUA DOS FERROVIÁRIOS,Nº488",V1 / A VALIDAR,inferência por logradouro/topologia
EIO32,ESTEIO,HV02,CENTRO,HV02,"RUA FERNANDO FERRARI,Nº1342",V1 / A VALIDAR,inferência por logradouro/topologia
EIO34,ESTEIO,HV02,CENTRO,HV02,RUA PEDRO LERBACH/AV. PRESIDENTE VARGAS,V1 / A VALIDAR,inferência por logradouro/topologia
EIO02,ESTEIO,HV03,OLÍMPICA,HV03,R.VEREADOR ERNESTO MENEZES/R.ELÓI CHAVES,V1 / A VALIDAR,inferência por logradouro/topologia
EIO09,ESTEIO,HV03,PARQUE AMADOR / OLÍMPICA,HV03,"RUA NOVO HAMBURGO,Nº1716/R.SÃO FRANCISCO",V1 / A VALIDAR,inferência por logradouro/topologia
EIO15,ESTEIO,HV03,JARDIM PLANALTO,HV03,"RUA MARCILIO DIAS,Nº11",CONFIRMADO LOGRADOURO,logradouro/endereço
EIO17,ESTEIO,HV03,SANTO INÁCIO,HV03,R.LUIZ FRANCISCO GOIZONE/AV. DAS AMERICAS,CONFIRMADO LOGRADOURO,logradouro/endereço
EIO19,ESTEIO,HV03,SANTO INÁCIO,HV03,"AVENIDA DO CARNAVAL,Nº330",CONFIRMADO LOGRADOURO,logradouro/endereço
EIO33,ESTEIO,HV03,OLÍMPICA,HV03,"R.REINALDO GRAFF MARQUINHO,Nº36",V1 / A VALIDAR,inferência por logradouro/topologia
EIO35,ESTEIO,HV03,OLÍMPICA,HV03,R.ALBERTO PASQUALINE/R.JOÃO SIMÕES NETO,V1 / A VALIDAR,inferência por logradouro/topologia
EIO44,ESTEIO,HV03,SANTO INÁCIO / OLÍMPICA,HV03,RUA GOVERNADOR ERNESTO DORNELES,V1 / A VALIDAR,inferência por logradouro/topologia
EIO04,ESTEIO,HV04,PARQUE AMADOR,HV04,"RUA QUARAÍ,Nº165",V1 / A VALIDAR,inferência por logradouro/topologia
EIO12,ESTEIO,HV04,PARQUE AMADOR,HV04,RUA NOVO HAMBURGO,V1 / A VALIDAR,inferência por logradouro/topologia
EIO14,ESTEIO,HV04,PARQUE AMADOR,HV04,"RUA QUARAÍ,Nº97",V1 / A VALIDAR,inferência por logradouro/topologia
EIO23,ESTEIO,HV04,PARQUE AMADOR,HV04,"AVENIDA PADRE CLARET,Nº2500",V1 / A VALIDAR,inferência por logradouro/topologia
EIO30,ESTEIO,HV04,CENTRO,HV04,"RUA 24 DE AGOSTO,Nº2674",CONFIRMADO LOGRADOURO,logradouro/endereço
EIO31,ESTEIO,HV04,OLÍMPICA,HV04,"RUA SANTANA,Nº170",CONFIRMADO LOGRADOURO,logradouro/endereço
EIO43,ESTEIO,HV04,PARQUE AMADOR,HV04,"RUA PADRE FELIPE,Nº1908",V1 / A VALIDAR,inferência por logradouro/topologia
EIO07,ESTEIO,HV05,TAMANDARÉ / TEÓPOLIS,HV05,RUA SÃO DOMINGOS/RUA VILA LOBOS,V1 / A VALIDAR,inferência por logradouro/topologia
EIO08,ESTEIO,HV05,TAMANDARÉ / TEÓPOLIS,HV05,"RUA SOLEDADE,Nº1300",V1 / A VALIDAR,inferência por logradouro/topologia
EIO16,ESTEIO,HV05,TAMANDARÉ / TEÓPOLIS,HV05,"RUA FRANCISCO ALVES, Nº 75",V1 / A VALIDAR,inferência por logradouro/topologia
EIO20,ESTEIO,HV05,TAMANDARÉ / TEÓPOLIS,HV05,"RUA PINTO BANDEIRA,Nº43",V1 / A VALIDAR,inferência por logradouro/topologia
EIO26,ESTEIO,HV05,TAMANDARÉ / TEÓPOLIS,HV05,"RUA VILA LOBOS,Nº1142",V1 / A VALIDAR,inferência por logradouro/topologia
EIO27,ESTEIO,HV05,VILA TEÓPOLIS,HV05,"RUA RIO PARDO,Nº840",CONFIRMADO LOGRADOURO,logradouro/endereço
EIO38,ESTEIO,HV05,TAMANDARÉ / TEÓPOLIS,HV05,"AVENIDA SENADOR SALGADO FILHO,Nº1840",V1 / A VALIDAR,inferência por logradouro/topologia
EIO39,ESTEIO,HV05,TAMANDARÉ / TEÓPOLIS,HV05,"AV. LUIS PASTEUR,Nº3622/AV.SENADOR SALGADO FILHO",V1 / A VALIDAR,inferência por logradouro/topologia
EIO03,ESTEIO,HV06,CENTRO,HV06,PELOTAS Nº 485,V1 / A VALIDAR,inferência por logradouro/topologia
EIO21,ESTEIO,HV06,CENTRO,HV06,"RIO GRANDE, Nº 699",V1 / A VALIDAR,inferência por logradouro/topologia
EIO28,ESTEIO,HV06,CENTRO,HV06,SALGADO FILHO  / FERNANDO FERRARI,V1 / A VALIDAR,inferência por logradouro/topologia
EIO36,ESTEIO,HV06,CENTRO,HV06,"CRUZ ALTA / PADRE CLARET, Nº 555",V1 / A VALIDAR,inferência por logradouro/topologia
EIO37,ESTEIO,HV06,CENTRO,HV06,"LAJEADO, Nº 127",V1 / A VALIDAR,inferência por logradouro/topologia
NVE01,ESTEIO,HV06,NOVO ESTEIO,HV06,"RUA RUI BARBOSA, Nº 201",V1 / A VALIDAR,inferência por logradouro/topologia
NVE02,ESTEIO,HV06,NOVO ESTEIO,HV06,"AVELINO ANTONIO ZANTA, Nº 67",V1 / A VALIDAR,inferência por logradouro/topologia
NVE03,ESTEIO,HV06,NOVO ESTEIO,HV06,"ASCELINO ALVES DA SILVA, Nº 457",V1 / A VALIDAR,inferência por logradouro/topologia
CAM01,SAPUCAIA DO SUL,HV07,PASQUALINI,HV07,"JOSÉ LOREIRO DA SILVA, Nº 166",CONFIRMADO/ALTA,logradouro/endereço
CAM03,SAPUCAIA DO SUL,HV07,CAMBOIM,HV07,"RIO GRANDE DO NORTE, Nº 375",V1 / A VALIDAR,inferência por logradouro/topologia
CCP02,SAPUCAIA DO SUL,HV07,CAPÃO DA CRUZ,HV07,RUA LIBERO BADORO X RIO DE JANEIRO,CONFIRMADO/ALTA,logradouro/endereço
CCP03,SAPUCAIA DO SUL,HV07,CAPÃO DA CRUZ,HV07,"RUA LIBERO BADARO,Nº 122",CONFIRMADO/ALTA,logradouro/endereço
NSP01,SAPUCAIA DO SUL,HV07,NOVA SAPUCAIA,HV07,"AMÉRICO VESPÚCIO, Nº 591",CONFIRMADO/ALTA,logradouro/endereço
NSP02,SAPUCAIA DO SUL,HV07,NOVA SAPUCAIA,HV07,"JOÃO PEREIRA, Nº 3023",CONFIRMADO/ALTA,logradouro/endereço
PAS01,SAPUCAIA DO SUL,HV07,PASQUALINI,HV07,RUA DO PASSEIO/ CIENI VASCONCELOS DE OLIVEIRA ,CONFIRMADO/ALTA,logradouro/endereço
PAS02,SAPUCAIA DO SUL,HV07,PASQUALINI,HV07,"NORDESTE/RUBENS BRAUM, Nº 456",CONFIRMADO/ALTA,logradouro/endereço
PAS03,SAPUCAIA DO SUL,HV07,PASQUALINI,HV07,Rua Anjo Gabriel (CONDOMÍNIO),CONFIRMADO/ALTA,logradouro/endereço
PAS04,SAPUCAIA DO SUL,HV07,NOVA SAPUCAIA / VARGAS,HV07,AVENIDA AMÉRICO VESPÚCIO,V1 / A VALIDAR,inferência por logradouro/topologia
CAM04,SAPUCAIA DO SUL,HV08,CAMBOIM,HV08,"AVENIDA JUSTINO CAMBOIM, Nº 714",CONFIRMADO/ALTA,logradouro/endereço
CNT05,SAPUCAIA DO SUL,HV08,JARDIM,HV08,GENERAL DALTRO FILHO/ ASSIS BRASIL,CONFIRMADO/ALTA,logradouro/endereço
CNT09,SAPUCAIA DO SUL,HV08,CENTRO,HV08,CAPITÃO CAMBOIM/ AVENIDA JOÃO P.  De Vargas,V1 / A VALIDAR,inferência por logradouro/topologia
JDM01,SAPUCAIA DO SUL,HV08,JARDIM,HV08,"SEPÉ TIARAJU, Nº 412 X  MARIANO CANTO",CONFIRMADO/ALTA,logradouro/endereço
JDM02,SAPUCAIA DO SUL,HV08,JARDIM,HV08, PEDRO SOUZA X ARQUIBALDO VELHINHO,CONFIRMADO/ALTA,logradouro/endereço
JDM03,SAPUCAIA DO SUL,HV08,VARGAS,HV08,"DONA AMÉLIA LUCAS, Nº 201",CONFIRMADO/ALTA,logradouro/endereço
JDM04,SAPUCAIA DO SUL,HV08,SETE,HV08,"RUA EUVADO DA ROSA, Nº 235",V1 / A VALIDAR,inferência por logradouro/topologia
JDM05,SAPUCAIA DO SUL,HV08,JARDIM,HV08,"ARQUIBALDO VELHINHO, Nº 1230",CONFIRMADO/ALTA,logradouro/endereço
CAM02,SAPUCAIA DO SUL,HV09,CAMBOIM,HV09,RUA ITALIA BAIERLE X ESQUINA MATO GROSSO,CONFIRMADO/ALTA,logradouro/endereço
CNT01,SAPUCAIA DO SUL,HV09,CENTRO,HV09,CORONEL SERAFIM PEREIRA,CONFIRMADO/ALTA,logradouro/endereço
CNT03,SAPUCAIA DO SUL,HV09,PARAÍSO / CENTRO,HV09,"LAURENTINO JULIANO, Nº 266",V1 / A VALIDAR,inferência por logradouro/topologia
CNT04,SAPUCAIA DO SUL,HV09,PARAÍSO,HV09,ALAGOAS X AMAZONAS,CONFIRMADO/ALTA,logradouro/endereço
CNT06,SAPUCAIA DO SUL,HV09,CENTRO,HV09,"RUA MANOEL SERAFIM,Nº104",CONFIRMADO/ALTA,logradouro/endereço
PRI01,SAPUCAIA DO SUL,HV09,PRIMOR,HV09,ALFREDO JULIANO Nº 341,CONFIRMADO/ALTA,logradouro/endereço
PRI02,SAPUCAIA DO SUL,HV09,PRIMOR,HV09,GUSTAVO JOHANN X CEL GENVINO,CONFIRMADO/ALTA,logradouro/endereço
PRI03,SAPUCAIA DO SUL,HV09,PRIMOR,HV09,ALFREDO JULIANO Nº 627,CONFIRMADO/ALTA,logradouro/endereço
CNT02,SAPUCAIA DO SUL,HV10,CENTRO,HV10,AVENIDA INDENPENDENCIA/ DESEMBARGADOR DANTAS,V1 / A VALIDAR,inferência por logradouro/topologia
CNT07,SAPUCAIA DO SUL,HV10,CENTRO,HV10,AVENIDA INDENPENDENCIA/ IPIRANGA,V1 / A VALIDAR,inferência por logradouro/topologia
CNT08,SAPUCAIA DO SUL,HV10,CENTRO,HV10,GENERAL OSÓRIO,V1 / A VALIDAR,inferência por logradouro/topologia
PIR01,SAPUCAIA DO SUL,HV10,COHAB,HV10,RUA JOÃO RODRIGUES/ GAVIA,CONFIRMADO/ALTA,logradouro/endereço
PIR02,SAPUCAIA DO SUL,HV10,COHAB,HV10,"RUA JOÃO CANDIDO, Nº246",CONFIRMADO/ALTA,logradouro/endereço
PIR03,SAPUCAIA DO SUL,HV10,COHAB,HV10,"RUA GAVEA, Nº 367",CONFIRMADO/ALTA,logradouro/endereço
SJO01,SAPUCAIA DO SUL,HV10,SÃO JOSÉ,HV10,RUA JORGE LACERDA Nº 150,V1 / A VALIDAR,inferência por logradouro/topologia
SJO02,SAPUCAIA DO SUL,HV10,SÃO JOSÉ,HV10,"RUA MAJOR DE SOUZA LIMA, Nº1221",V1 / A VALIDAR,inferência por logradouro/topologia
DIE01,SAPUCAIA DO SUL,HV11,DIHEL,HV11,"RIO GRANDE, Nº 89",CONFIRMADO/ALTA,logradouro/endereço
DIE02,SAPUCAIA DO SUL,HV11,DIHEL,HV11,"DELFIM MOREIRA, Nº 184",CONFIRMADO/ALTA,logradouro/endereço
PIR04,SAPUCAIA DO SUL,HV11,DIHEL,HV11,"CAPITÃO FEBRE, Nº 201",CONFIRMADO/ALTA,logradouro/endereço
SCT01,SAPUCAIA DO SUL,HV11,SANTA CATARINA,HV11,"RUA ROLANTE,Nº52",V1 / A VALIDAR,inferência por logradouro/topologia
SIL01,SAPUCAIA DO SUL,HV11,SILVA,HV11,RUA NEREU RAMOS / SANTA CATARINA,CONFIRMADO/ALTA,logradouro/endereço
SIL02,SAPUCAIA DO SUL,HV11,SILVA,HV11,NEREU RAMOS,CONFIRMADO/ALTA,logradouro/endereço
SIL03,SAPUCAIA DO SUL,HV11,DIHEL,HV11,"CAPITÃO FABRE, Nº 201",CONFIRMADO/ALTA,logradouro/endereço
CCP01,SAPUCAIA DO SUL,HV12,CAPÃO DA CRUZ,HV12,RUA FERNANDO DE NORONHA  X  JOÃO F. DA CUNHA ,CONFIRMADO/ALTA,logradouro/endereço
