"Node","Pontuação","Impactado","Estressado","Total"
"EIO41-1","68","10","49","110"
"PIR03-1","70","10","76","158"
"EIO31-1","72","7","73","194"
"NVE03-1","76","7","2","88"
"CNT02-1","76","6","7","121"
"PIR02-1","79","12","7","167"
"PIR04A1-1","79","9","11","204"
"EIO26-1","80","7","2","161"
"CNT03-1","80","6","17","178"
"EIO05-1","80","7","9","199"
"PAS03-1","81","0","2","76"
"DIE01-1","81","5","2","120"
"EIO02-1","81","5","14","156"
"EIO03-1","82","5","13","149"
"PAS04-1","83","3","5","120"
"SIL01-1","83","3","3","136"
"EIO10-1","83","4","5","140"
"EIO17-1","84","1","4","91"
"EIO23-1","84","2","5","105"
"EIO29-1","84","4","8","111"
"EIO13-1","84","3","4","165"
"EIO21-1","84","4","5","192"
"EIO32-1","85","3","5","144"
"EIO16-1","85","4","5","157"
"EIO42-1","85","5","1","159"
"EIO04-1","85","4","7","153"
"CNT01-1","85","4","7","179"
"EIO34-1","86","2","7","118"
"EIO18-1","86","3","4","131"
"EIO33-1","86","2","2","137"
"EIO08-1","86","4","9","148"
"CPC01-1","86","3","2","162"
"PRI03-1","86","3","8","209"
"EIO06-1","87","1","1","35"
"EIO19-2","87","1","2","73"
"EIO25-1","87","1","13","118"
"EIO24-1","87","2","3","136"
"EIO09-1","87","2","3","138"
"CNT04-1","87","4","1","161"
"CPC02-1","87","2","7","145"
"PRI02-1","87","1","18","190"
"CPC03-1","88","1","1","73"
"EIO43-1","88","2","2","112"
"EIO36-1","88","1","8","143"
"EIO37-1","88","2","9","152"
"CAM02-1","88","4","1","142"
"EIO22-1","88","2","2","159"
"PIR04A2-1","88","2","6","194"
"EIO11-1","89","1","2","62"
"JDM04-1","89","1","2","61"
"EIO40-1","89","1","0","79"
"DIE02-1","89","1","1","85"
"EIO07-1","89","1","3","107"
"EIO27-1","89","1","3","105"
"NSP01-1","89","2","1","139"
"CAM03-1","89","1","5","154"
"SJO01-1","89","2","6","191"
"CAM01-1","90","0","8","101"
"NSP02-1","90","2","0","94"
"JDM02-1","90","2","2","115"
"EIO30-1","90","1","2","123"
"PAS02-1","90","1","2","127"
"EIO12-1","90","2","4","142"
"EIO28-1","90","2","0","166"
"EIO35-1","90","1","1","174"
"PIR01-1","90","2","7","173"
"EIO01-2","90","2","5","232"
"NVE01-1","91","0","5","78"
"JDM01-1","91","0","5","77"
"EIO39-1","91","0","6","92"
"CNT05-1","91","1","4","114"
"SJO02-1","91","1","4","171"
"EIO15-1","91","1","6","195"
"JDM03-1","92","0","4","76"
"EIO20-1","92","1","1","95"
"CNT07-1","92","1","1","104"
"EIO38-1","92","0","6","127"
"PRI01-1","92","1","2","172"
"EIO40-2","93","0","0","133"
"CNT08-1","93","1","1","115"
"PAS01-1","93","0","1","143"
"SIL02-1","93","0","1","136"
"CAM04-1","93","1","2","156"
"SIL03-1","93","1","2","132"
"SCT01-1","94","0","4","137"
"EIO44-1","94","0","4","136"
"CNT09-1","94","1","0","155"
"EIO14-1","95","0","2","102"
"EIO19-1","96","0","1","70"
"CNT06-1","97","0","1","123"
"JDM05-1","97","0","1","107"
"NVE02-1","100","0","0","15"
"EIO01-1","100","0","0","55"